time,open,high,low,close,volume
2025-03-02 22:33:50.471334,100.0,102.89031653564109,99.93690284909037,100.42091574651828,539.1492934130151
2025-03-02 22:43:50.471334,100.42091574651828,101.55999452548932,99.30121136555468,101.36376049183772,170.30996974418613
2025-03-02 22:53:50.471334,101.36376049183772,101.45915289998207,98.84903623765277,99.63947145776754,528.7089062891289
2025-03-02 23:03:50.471334,99.63947145776754,101.13718152817994,97.20134917223628,98.02620185115289,265.9548085601702
2025-03-02 23:13:50.471334,98.02620185115289,100.47674342382282,96.92302216404097,99.80547704267194,855.1697311408724
2025-03-02 23:23:50.471334,99.80547704267194,101.83796300365509,99.07605549434658,99.17416266409563,420.57345034039827
2025-03-02 23:33:50.471334,99.17416266409563,101.06560940905312,97.30805616160596,99.80061007718272,953.92970995102
2025-03-02 23:43:50.471334,99.80061007718272,101.06038933843163,97.22599591937708,99.34819159537552,627.3414084880945
2025-03-02 23:53:50.471334,99.34819159537552,100.63238921051047,96.47508470968964,97.88714661406827,253.72832398926474
2025-03-03 00:03:50.471334,97.88714661406827,99.14658864550348,95.31917436893042,97.28847463794715,419.24677005142945
2025-03-03 00:13:50.471334,97.28847463794715,97.45031395521372,96.91831960151544,97.41633475222461,647.1806278071571
2025-03-03 00:23:50.471334,97.41633475222461,99.16258112767018,96.9378055612565,97.73680867754702,859.4121999763403
2025-03-03 00:33:50.471334,97.73680867754702,98.79033030038045,96.2719034851426,97.01134294743845,715.6309478794684
2025-03-03 00:43:50.471334,97.01134294743845,99.46576997952732,94.2268829439671,94.7468999082309,752.9230959958456
2025-03-03 00:53:50.471334,94.7468999082309,97.30913986505527,93.20458813315327,96.4135826835085,444.783718336268
2025-03-03 01:03:50.471334,96.4135826835085,97.96641586139306,95.52869784667662,96.16558260319343,182.0622256550498
2025-03-03 01:13:50.471334,96.16558260319343,98.6348783765408,94.36198139459025,98.34861895328457,455.4772465110838
2025-03-03 01:23:50.471334,98.34861895328457,100.59371454751953,96.23628802095847,99.20011940999402,117.85722998182736
2025-03-03 01:33:50.471334,99.20011940999402,100.88223189824714,98.07560977559478,99.6001274926466,839.2284995354262
2025-03-03 01:43:50.471334,99.6001274926466,99.714464785531,99.45373118805722,99.61492304520378,812.527448695018
2025-03-03 01:53:50.471334,99.61492304520378,100.38226882776634,97.30345596001021,98.29566879522973,181.44924039410682
2025-03-03 02:03:50.471334,98.29566879522973,100.4458159389722,97.55601933255225,98.27471132663908,691.9759336559988
2025-03-03 02:13:50.471334,98.27471132663908,98.73053814494432,97.88179897270653,98.69727033832166,168.1247498924576
2025-03-03 02:23:50.471334,98.69727033832166,100.59677720721103,97.42924784715329,99.22291573482046,480.4553164690744
2025-03-03 02:33:50.471334,99.22291573482046,101.30353233855524,97.85835024418375,99.02803087597451,959.9780092123735
2025-03-03 02:43:50.471334,99.02803087597451,99.18908010490769,97.9417104877037,98.67592841234601,186.5771696857295
2025-03-03 02:53:50.471334,98.67592841234601,98.84692995587424,96.99313651558677,98.02114552341831,311.5876365712294
2025-03-03 03:03:50.471334,98.02114552341831,98.44004780942016,95.33364960494522,97.565230184357,874.0775234919284
2025-03-03 03:13:50.471334,97.565230184357,100.09689995353416,95.5025716426251,99.47308489011328,194.14446680242565
2025-03-03 03:23:50.471334,99.47308489011328,101.04078918104958,97.21080499218859,98.09188436202878,829.9626449920667
2025-03-03 03:33:50.471334,98.09188436202878,100.62345023941509,95.55938891508322,98.74269467001523,450.4924717854711
2025-03-03 03:43:50.471334,98.74269467001523,100.92259196508753,97.9001342949415,98.49032516655943,103.0315264472188
2025-03-03 03:53:50.471334,98.49032516655943,100.75689677331462,96.04158589146674,98.36751966118896,616.9383528438655
2025-03-03 04:03:50.471334,98.36751966118896,99.7338467431808,95.57043175404533,96.942475162417,239.15069469674125
2025-03-03 04:13:50.471334,96.942475162417,98.6462051076579,95.38530795145567,97.82312747597355,143.4415165742495
2025-03-03 04:23:50.471334,97.82312747597355,98.19499259209041,97.38989476203173,97.61715213895852,806.0260740147763
2025-03-03 04:33:50.471334,97.61715213895852,98.31506699182464,96.57380203739002,96.60251870255065,616.3015134320689
2025-03-03 04:43:50.471334,96.60251870255065,97.48481539937,94.54458931918238,97.45703503218306,679.0909860251136
2025-03-03 04:53:50.471334,97.45703503218306,100.31494719041875,97.23998147363014,98.74853503590016,914.7468070439369
2025-03-03 05:03:50.471334,98.74853503590016,99.26306760144462,98.48225792564939,98.97359926138573,927.2683343558019
2025-03-03 05:13:50.471334,98.97359926138573,101.8433946921318,98.8946278245353,99.59597832200878,235.45343455694803
2025-03-03 05:23:50.471334,99.59597832200878,100.2016318506419,97.86504414060656,98.8513543146101,280.5504937094951
2025-03-03 05:33:50.471334,98.8513543146101,100.43185931306985,96.80626128108176,99.87065020645763,549.7569822304995
2025-03-03 05:43:50.471334,99.87065020645763,102.69636324868803,97.57743330905778,98.08893661567028,524.8524621842347
2025-03-03 05:53:50.471334,98.08893661567028,98.83377341001872,97.47192356588955,97.96617843668204,444.8083184681475
2025-03-03 06:03:50.471334,97.96617843668204,100.27009250236522,96.96466799938311,97.55429298499142,308.42928951723883
2025-03-03 06:13:50.471334,97.55429298499142,99.4773706290462,95.69798465824093,98.98046668154758,415.02099674589283
2025-03-03 06:23:50.471334,98.98046668154758,100.90177216922754,96.52822436765186,100.13123731580482,660.9782990008828
2025-03-03 06:33:50.471334,100.13123731580482,101.91933145211307,97.44830762537237,97.74521126022049,778.720661291163
2025-03-03 06:43:50.471334,97.74521126022049,98.63431963290007,96.92626129816315,97.26758706131818,383.9685025391496
2025-03-03 06:53:50.471334,97.26758706131818,99.5985730034035,94.29047810064182,98.63450470334523,578.7825670511775
2025-03-03 07:03:50.471334,98.63450470334523,99.55453807584152,95.91182950675825,98.46612598624539,781.831217415579
2025-03-03 07:13:50.471334,98.46612598624539,100.06561534168102,96.9659603794363,99.6956662157688,300.2779057093177
2025-03-03 07:23:50.471334,99.6956662157688,100.31783204172983,97.38071976204503,98.05371501958129,120.97274869641437
2025-03-03 07:33:50.471334,98.05371501958129,99.05299754290783,95.55440638250005,96.45527914466093,804.4306364366562
2025-03-03 07:43:50.471334,96.45527914466093,98.87862265285148,94.5313059266195,97.18613060873044,256.6633116665836
2025-03-03 07:53:50.471334,97.18613060873044,97.34289312565475,95.03715175612912,96.3066504985591,356.30484629605075
2025-03-03 08:03:50.471334,96.3066504985591,96.46989758593278,94.71283228061345,96.46210787138313,496.5287685197168
2025-03-03 08:13:50.471334,96.46210787138313,98.95555077330506,94.53831305561596,98.41477754881802,788.8852270898853
2025-03-03 08:23:50.471334,98.41477754881802,98.52129402862327,96.53244620593769,98.47383362546496,262.5652230190677
2025-03-03 08:33:50.471334,98.47383362546496,101.43103899995398,96.61478092364707,98.01543301260146,747.7001055033743
2025-03-03 08:43:50.471334,98.01543301260146,99.0915103332018,96.36905320652657,97.92028956918215,217.08335672469855
2025-03-03 08:53:50.471334,97.92028956918215,100.5478741597918,95.64355011700351,96.8391543009933,969.1057870092
2025-03-03 09:03:50.471334,96.8391543009933,99.4277817247898,96.36136153322515,96.94625405010333,162.4119946473124
2025-03-03 09:13:50.471334,96.94625405010333,99.27614578738608,96.06894845528,97.4159313341753,573.3876488768808
2025-03-03 09:23:50.471334,97.4159313341753,98.3537994127216,97.19013155537661,97.83701862857001,118.67290159844623
2025-03-03 09:33:50.471334,97.83701862857001,98.85628195234047,95.75904610261895,97.84154991417479,852.5358345432745
2025-03-03 09:43:50.471334,97.84154991417479,99.81565493798817,97.47600147254107,97.58293589090529,471.2813385536429
2025-03-03 09:53:50.471334,97.58293589090529,99.61707726109785,95.2697928157459,99.60256750035984,731.4625562465084
2025-03-03 10:03:50.471334,99.60256750035984,101.69961109997017,98.63993618434743,98.94489814387065,453.7685537048809
2025-03-03 10:13:50.471334,98.94489814387065,100.6654658500111,97.11765263150191,97.59487855723327,956.2183571558858
2025-03-03 10:23:50.471334,97.59487855723327,99.52854753894586,95.47147601691111,96.06183290341511,390.5183050168698
2025-03-03 10:33:50.471334,96.06183290341511,97.01660555832353,93.22160529675627,95.60021124244675,654.0261869959738
2025-03-03 10:43:50.471334,95.60021124244675,97.94651419151158,95.53592930004129,96.37704425636532,304.3210315967999
2025-03-03 10:53:50.471334,96.37704425636532,99.08864906942584,93.72776410714759,95.0197526048007,925.3705243345836
2025-03-03 11:03:50.471334,95.0197526048007,96.36209671038083,94.27661062881609,96.15511071309186,817.0343503675625
2025-03-03 11:13:50.471334,96.15511071309186,96.4197920145141,94.93283476307923,95.42008552409006,795.0846142395133
2025-03-03 11:23:50.471334,95.42008552409006,95.98136600170659,95.15579768669546,95.56592617585353,542.4803994202983
2025-03-03 11:33:50.471334,95.56592617585353,97.84451839349587,92.85516944785363,97.05717672025165,584.8640440328413
2025-03-03 11:43:50.471334,97.05717672025165,99.62181792741607,94.65910171944869,97.42132763241703,484.4956734942416
2025-03-03 11:53:50.471334,97.42132763241703,98.14466817589877,95.93860359985847,98.00729912556507,502.4202496174072
2025-03-03 12:03:50.471334,98.00729912556507,99.15454069344118,95.58281672344407,96.1960956553959,877.5308379568421
2025-03-03 12:13:50.471334,96.1960956553959,96.8877354742432,96.15254411430173,96.52695026603357,540.7969462331741
2025-03-03 12:23:50.471334,96.52695026603357,99.1662438499267,96.28356027616834,97.08553316878361,729.4824759799212
2025-03-03 12:33:50.471334,97.08553316878361,98.3084405169457,96.76081415449097,97.28341972345167,803.339908619176
2025-03-03 12:43:50.471334,97.28341972345167,98.90381907108488,95.57128428701068,97.6895086165337,696.7937075847118
2025-03-03 12:53:50.471334,97.6895086165337,99.69722699476786,95.54378993610183,95.66666380437441,818.0063518800981
2025-03-03 13:03:50.471334,95.66666380437441,96.49991747129785,93.9420777354664,96.31116004447122,859.0145697184512
2025-03-03 13:13:50.471334,96.31116004447122,97.28378609062217,94.73540209042483,96.63696588346556,595.0577384025571
2025-03-03 13:23:50.471334,96.63696588346556,98.2455386218104,94.28653933876583,95.33791403227514,787.1402538119369
2025-03-03 13:33:50.471334,95.33791403227514,96.30617823044261,94.63906484951637,94.65846799334884,126.81853826102518
2025-03-03 13:43:50.471334,94.65846799334884,96.4877785551713,94.31846362539258,95.86126612944973,898.3174567051591
2025-03-03 13:53:50.471334,95.86126612944973,97.00651922746594,94.41743599573732,96.22796783341568,357.8812985911664
2025-03-03 14:03:50.471334,96.22796783341568,98.10822484192467,96.13496822904267,97.68989785316768,806.4057081158429
2025-03-03 14:13:50.471334,97.68989785316768,97.97796596860596,97.15479376282605,97.68307685784866,544.0761989408188
2025-03-03 14:23:50.471334,97.68307685784866,97.88453078383168,96.4876062562498,96.52137973697036,721.9258021809967
2025-03-03 14:33:50.471334,96.52137973697036,98.36021716198195,94.93393106277486,98.22597650660877,624.4050992681766
2025-03-03 14:43:50.471334,98.22597650660877,100.25074293521094,95.50288296284116,98.10028034592592,988.6517601590882
2025-03-03 14:53:50.471334,98.10028034592592,99.87530466297808,97.72682741558307,99.27448310369137,162.2625645734671
2025-03-03 15:03:50.471334,99.27448310369137,102.17573486834672,98.0349588647996,98.99276470971577,150.73341570104913
2025-03-03 15:13:50.471334,98.99276470971577,99.99844438946552,96.80774846686192,99.82589920663264,625.7689129803606
2025-03-03 15:23:50.471334,99.82589920663264,102.75915217451607,97.18311990316246,101.15317380581416,779.9398428802643
2025-03-03 15:33:50.471334,101.15317380581416,101.25700936496236,100.9961259532256,101.24285279488399,964.8337048748142
2025-03-03 15:43:50.471334,101.24285279488399,101.44479798507,100.73409495864352,101.05600765389009,237.44007744822156
2025-03-03 15:53:50.471334,101.05600765389009,103.95245472821964,99.57786408601231,100.7117552742265,857.4893788086127
2025-03-03 16:03:50.471334,100.7117552742265,100.92441386732884,99.62299001152559,100.51380502566148,970.205823666595
2025-03-03 16:13:50.471334,100.51380502566148,100.52877515752613,98.86692223717353,99.61456458726124,916.0495443393498
2025-03-03 16:23:50.471334,99.61456458726124,100.58155253022754,96.75757955720373,97.23500351177829,790.358660104416
2025-03-03 16:33:50.471334,97.23500351177829,98.0584141175231,95.93908476972555,95.99989206463995,450.0843187800953
2025-03-03 16:43:50.471334,95.99989206463995,97.93137233724663,95.20073937369243,97.40785524707167,510.77858902331576
2025-03-03 16:53:50.471334,97.40785524707167,98.80745654829475,95.0547400250259,96.94119468625459,192.91110896682812
2025-03-03 17:03:50.471334,96.94119468625459,98.45439440576673,95.11357017920291,98.40191172678628,977.8051181793467
2025-03-03 17:13:50.471334,98.40191172678628,98.49741975011325,96.30622479906928,97.59817764566228,650.1598597780998
2025-03-03 17:23:50.471334,97.59817764566228,97.86331743330378,95.89370258432987,97.64378943898403,468.7161151317458
2025-03-03 17:33:50.471334,97.64378943898403,98.74213837984392,94.80836609650423,97.58893907325725,790.0596695053191
2025-03-03 17:43:50.471334,97.58893907325725,100.1827242783538,96.67122187023149,99.65078756469629,790.88249818313
2025-03-03 17:53:50.471334,99.65078756469629,100.22667897157746,99.15976993536584,99.448714258239,892.9195543587035
2025-03-03 18:03:50.471334,99.448714258239,102.42577009255945,98.36110862984445,100.2497417274199,322.0284049104567
2025-03-03 18:13:50.471334,100.2497417274199,101.77022651632502,99.4765404243456,99.68468687095485,768.3118953713182
2025-03-03 18:23:50.471334,99.68468687095485,102.42596477232738,99.57921081736346,100.75897533186732,478.7565037466307
2025-03-03 18:33:50.471334,100.75897533186732,101.77075786753372,98.07278343550257,98.1881694225688,830.873138999407
2025-03-03 18:43:50.471334,98.1881694225688,100.0655858873755,95.54011097289839,99.10305156198497,922.9090544874306
2025-03-03 18:53:50.471334,99.10305156198497,101.14122617805127,96.94023990131559,100.37098575242509,726.6403050280853
2025-03-03 19:03:50.471334,100.37098575242509,102.2371180888378,99.03728349736696,99.28909660974412,107.49879858510411
2025-03-03 19:13:50.471334,99.28909660974412,99.47971958320991,96.33211762997527,98.34538964146196,233.89817418974351
2025-03-03 19:23:50.471334,98.34538964146196,99.95973382780562,96.270347395291,99.16637988414891,690.8775188376114
2025-03-03 19:33:50.471334,99.16637988414891,100.63132876803249,98.82731557963002,100.30346101354368,434.15849094051475
2025-03-03 19:43:50.471334,100.30346101354368,103.13050314620699,99.89687454040167,101.6650798321518,659.7475574384473
2025-03-03 19:53:50.471334,101.6650798321518,103.03757167957835,100.13233644061222,101.0446806298371,625.7912324071308
2025-03-03 20:03:50.471334,101.0446806298371,103.52753667521453,99.22000729051308,101.13012671576233,822.9509457819587
2025-03-03 20:13:50.471334,101.13012671576233,101.22842943494635,99.09579511908485,99.65611015726381,635.0501609265033
2025-03-03 20:23:50.471334,99.65611015726381,99.73989780118919,97.5940172795635,99.22946627261675,617.5133502833622
2025-03-03 20:33:50.471334,99.22946627261675,101.29099673978635,97.06470443333531,97.3300373901923,339.90713179576437
2025-03-03 20:43:50.471334,97.3300373901923,99.94773476903552,95.96543718319514,98.58688840268405,543.0899733944045
2025-03-03 20:53:50.471334,98.58688840268405,100.96945333959196,96.34758500499862,100.4096413024077,696.854785685675
2025-03-03 21:03:50.471334,100.4096413024077,100.48491091475279,98.99228272901644,99.52967131863288,824.3177461047966
2025-03-03 21:13:50.471334,99.52967131863288,100.60927903060656,97.345353976721,100.08881011923683,623.0888982597581
2025-03-03 21:23:50.471334,100.08881011923683,100.35683951547227,98.5557256480084,99.77264358378802,149.25972976135262
2025-03-03 21:33:50.471334,99.77264358378802,100.55364667448278,97.05571450363617,100.03181676490416,564.2865456616481
2025-03-03 21:43:50.471334,100.03181676490416,101.07537519385329,97.55509825919872,100.81365856204508,639.5979977124331
2025-03-03 21:53:50.471334,100.81365856204508,101.90068390599399,98.9780381135313,99.85170886978338,567.176867421269
2025-03-03 22:03:50.471334,99.85170886978338,99.96756593786579,98.67011833487446,99.54686662667145,667.798235245687
2025-03-03 22:13:50.471334,99.54686662667145,101.32750945770897,98.32077284374647,98.39324452999873,853.0147762084111
2025-03-03 22:23:50.471334,98.39324452999873,98.46799776885123,95.62718571743845,96.58306645631565,471.7252749113016
2025-03-03 22:33:50.471334,96.58306645631565,97.00830213291948,93.8474766064484,96.58844639519447,361.1128815610363
2025-03-03 22:43:50.471334,96.58844639519447,97.4004824631788,95.66032723915392,96.3341077925574,894.427592834142
2025-03-03 22:53:50.471334,96.3341077925574,96.34677460866284,94.4114086327153,94.6029157626125,262.8888353800995
2025-03-03 23:03:50.471334,94.6029157626125,95.22042051718303,92.94354375187125,93.4528505008054,810.7647356455714
2025-03-03 23:13:50.471334,93.4528505008054,95.29602744807895,91.72192411313677,94.1399121668383,543.2827087765581
2025-03-03 23:23:50.471334,94.1399121668383,96.91747568689392,93.2566510341447,96.37337047189834,784.7933895274404
2025-03-03 23:33:50.471334,96.37337047189834,98.05449110243046,96.15704408834596,97.57252886706613,102.19538615239595
2025-03-03 23:43:50.471334,97.57252886706613,97.85653186860213,97.42127122085297,97.61352900136974,233.64380355217793
2025-03-03 23:53:50.471334,97.61352900136974,98.8747616218316,95.9745127147782,97.93894407225795,425.6063551495495
2025-03-04 00:03:50.471334,97.93894407225795,99.43195388344847,96.40722775856133,96.42782531903453,956.2009814338221
2025-03-04 00:13:50.471334,96.42782531903453,98.49274779817581,95.76619270881685,97.4752588983983,637.3308899544011
2025-03-04 00:23:50.471334,97.4752588983983,99.92845545229773,94.60183982793961,96.90281944141401,174.40903321246853
2025-03-04 00:33:50.471334,96.90281944141401,98.4466455377482,94.9532370340632,97.24736534905273,545.1572669198738
2025-03-04 00:43:50.471334,97.24736534905273,99.34379382854343,97.20495311335952,98.57626219106088,877.8809861836734
2025-03-04 00:53:50.471334,98.57626219106088,100.77487168092279,95.68994484872019,99.40229156417568,661.6288119293364
2025-03-04 01:03:50.471334,99.40229156417568,99.93407452507952,96.88813957595967,98.83685055090716,585.6509581616323
2025-03-04 01:13:50.471334,98.83685055090716,99.66439038974136,98.66950763260662,99.51541465260738,613.583648227179
2025-03-04 01:23:50.471334,99.51541465260738,101.04649464421858,99.30220897322637,100.04173962810052,232.9532121555887
2025-03-04 01:33:50.471334,100.04173962810052,101.38640069725122,98.93371225699137,101.0121301290275,649.8435430954222
2025-03-04 01:43:50.471334,101.0121301290275,102.60434210320328,99.04705435408769,101.14414714238167,124.9226822389987
2025-03-04 01:53:50.471334,101.14414714238167,101.71929795583819,99.56598582528946,100.26879092339622,723.4017261949134
2025-03-04 02:03:50.471334,100.26879092339622,101.12402197809106,99.19483167628678,99.92186108375584,869.1400649753238
2025-03-04 02:13:50.471334,99.92186108375584,100.27972124532864,98.82957737129365,99.09099046340857,570.6774661115983
2025-03-04 02:23:50.471334,99.09099046340857,99.43954523498452,97.041413273793,98.3248369821127,786.9089449312421
2025-03-04 02:33:50.471334,98.3248369821127,101.22509430390603,97.15285784100743,100.43333276866264,959.0579281198862
2025-03-04 02:43:50.471334,100.43333276866264,100.47006906600075,98.79953947321658,98.88706077980366,292.6383351793295
2025-03-04 02:53:50.471334,98.88706077980366,99.71132036924507,98.44221600625542,98.73960666486855,285.58727842994153
2025-03-04 03:03:50.471334,98.73960666486855,99.94655095718687,96.57597606129927,97.99441639911065,473.40964921984653
2025-03-04 03:13:50.471334,97.99441639911065,98.00896298976323,97.80128759270434,97.96901859870653,506.8503444744989
2025-03-04 03:23:50.471334,97.96901859870653,99.79095171002189,95.3857162154307,98.78507258601418,873.4421196393668
2025-03-04 03:33:50.471334,98.78507258601418,100.09473831569608,98.00064811435203,99.82938418397644,397.7906309079067
2025-03-04 03:43:50.471334,99.82938418397644,100.09113529589263,98.32680004938943,99.86361637127628,397.5097062749869
2025-03-04 03:53:50.471334,99.86361637127628,101.0989194989395,99.57575249584877,100.87847541656346,239.44841072093504
2025-03-04 04:03:50.471334,100.87847541656346,103.58877629556093,98.98581838698016,99.11950658989741,753.3072566679216
2025-03-04 04:13:50.471334,99.11950658989741,99.71489903329605,96.15029601966013,98.52605243142794,733.4690233620356
2025-03-04 04:23:50.471334,98.52605243142794,98.63958711353358,96.7565783381119,96.76308839629601,767.5666141120366
2025-03-04 04:33:50.471334,96.76308839629601,99.71799905829371,95.95864206408444,96.29988878745253,315.2823366161206
2025-03-04 04:43:50.471334,96.29988878745253,97.56358075057611,94.71965879787365,96.49057305008115,371.70163851252124
2025-03-04 04:53:50.471334,96.49057305008115,96.89322561358522,96.49038948724498,96.64627285016523,870.1516589949932
2025-03-04 05:03:50.471334,96.64627285016523,97.50876257366494,96.42939190757133,97.24256757002847,871.2969089053339
2025-03-04 05:13:50.471334,97.24256757002847,99.18962727122327,96.15781895324564,97.94204658640008,106.12511618657801
2025-03-04 05:23:50.471334,97.94204658640008,99.67362073678161,96.07562360423934,97.09809025342173,762.8530603598848
2025-03-04 05:33:50.471334,97.09809025342173,97.80113232102931,94.76182628158203,95.97136544209958,172.55530334211792
2025-03-04 05:43:50.471334,95.97136544209958,98.32677592218091,94.67042989037454,96.793770917526,254.64637924812723
2025-03-04 05:53:50.471334,96.793770917526,97.63167300200627,94.4673718000763,95.84920838674294,373.60912274853894
2025-03-04 06:03:50.471334,95.84920838674294,96.16333035064193,94.141312850607,95.61136237202483,875.7277527730002
2025-03-04 06:13:50.471334,95.61136237202483,97.58651916469876,94.86755873503384,95.32043326915992,406.5550345331896
2025-03-04 06:23:50.471334,95.32043326915992,98.15275877856209,93.94231517657437,97.04530755076723,239.19484649678
2025-03-04 06:33:50.471334,97.04530755076723,99.74226184369549,95.30527825263074,96.05566042658384,989.1870050131863
2025-03-04 06:43:50.471334,96.05566042658384,98.93443292668444,95.95261608411599,96.69272645618925,176.14827301929643
2025-03-04 06:53:50.471334,96.69272645618925,99.30757829099203,94.17473019153941,96.79633574370223,737.1097180946707
2025-03-04 07:03:50.471334,96.79633574370223,97.21920256165699,95.52049621635459,96.82376308475628,617.253236515333
2025-03-04 07:13:50.471334,96.82376308475628,99.1055733006378,95.40530897249235,95.68871202874999,301.13365390815204
2025-03-04 07:23:50.471334,95.68871202874999,97.38489086781968,95.32152126424913,95.6184121729401,956.7885664730653
2025-03-04 07:33:50.471334,95.6184121729401,96.33455385382084,94.90869484138997,95.22649109261953,922.0215502693959
2025-03-04 07:43:50.471334,95.22649109261953,97.19210789528435,94.82303381673469,95.6706446250022,830.4974334069987
2025-03-04 07:53:50.471334,95.6706446250022,96.79377637653401,93.2728903644103,94.90580422359137,706.8042026271115
2025-03-04 08:03:50.471334,94.90580422359137,97.8711222568706,92.21843057466648,97.30101874044715,787.2508116649987
2025-03-04 08:13:50.471334,97.30101874044715,98.36238827205906,96.3789450713924,97.23841859858584,455.54248885464455
2025-03-04 08:23:50.471334,97.23841859858584,98.23098397007564,96.736384409216,97.9860509197451,570.0297805024454
2025-03-04 08:33:50.471334,97.9860509197451,99.46564561063902,95.3468829811869,98.08467797190956,516.4306527809097
2025-03-04 08:43:50.471334,98.08467797190956,100.9581943506791,95.8295387958437,98.81039331253488,127.54472941946682
2025-03-04 08:53:50.471334,98.81039331253488,99.27403295765359,98.11222972138765,99.043710935861,695.3348718572131
2025-03-04 09:03:50.471334,99.043710935861,101.380820316213,96.59756078956732,97.30194340175579,785.276153900597
2025-03-04 09:13:50.471334,97.30194340175579,98.83062346103415,94.80514007474859,96.04951877013201,228.07476838687023
2025-03-04 09:23:50.471334,96.04951877013201,96.87917357909767,95.94448627009577,96.11184533449891,587.1101304121106
2025-03-04 09:33:50.471334,96.11184533449891,98.7658495479149,95.48109016978341,96.61646997038119,315.8388436142616
2025-03-04 09:43:50.471334,96.61646997038119,96.85505542280833,95.91569314398174,96.36887549377919,573.1236836198831
2025-03-04 09:53:50.471334,96.36887549377919,97.50316557203482,95.89742648207842,96.88610472085665,151.9907198503436
2025-03-04 10:03:50.471334,96.88610472085665,98.04007766499389,94.39769992738066,97.08207217148995,193.04505374578298
2025-03-04 10:13:50.471334,97.08207217148995,98.33383520538628,95.99646348230674,96.12445672461321,101.87124211698193
2025-03-04 10:23:50.471334,96.12445672461321,98.15979059482862,95.13843945313238,96.88583425125033,987.6105175904416
2025-03-04 10:33:50.471334,96.88583425125033,97.89814058904399,96.33383290588309,96.46980964122508,361.66582305619886
2025-03-04 10:43:50.471334,96.46980964122508,98.12664964331859,95.19524287475896,96.30483495227946,451.3641418853659
2025-03-04 10:53:50.471334,96.30483495227946,96.7363947049469,93.61353809266274,95.6511059404016,949.0152205829856
2025-03-04 11:03:50.471334,95.6511059404016,97.39042201100752,94.50401483860192,96.08978763751648,635.3657246324062
2025-03-04 11:13:50.471334,96.08978763751648,96.54735734371299,95.01548583726577,96.33077351871367,198.05801955709813
2025-03-04 11:23:50.471334,96.33077351871367,96.456230408714,94.67765977290746,94.87663911682989,541.4526870848118
2025-03-04 11:33:50.471334,94.87663911682989,96.12295624175981,93.48341043767611,94.97298768922988,318.651011440906
2025-03-04 11:43:50.471334,94.97298768922988,94.97358190484474,93.16065511199136,93.34871216188276,419.6714002948076
2025-03-04 11:53:50.471334,93.34871216188276,94.5303608788747,92.28671749996897,93.26535649496627,435.28709060170235
2025-03-04 12:03:50.471334,93.26535649496627,96.06001314403973,90.96096806500506,92.33899226044286,399.7208688931819
2025-03-04 12:13:50.471334,92.33899226044286,93.21546206213404,89.6178047359276,92.642304619353,423.7882264875277
2025-03-04 12:23:50.471334,92.642304619353,94.22892269778959,91.75252427264884,93.40729513357809,891.6908288652941
2025-03-04 12:33:50.471334,93.40729513357809,95.76379676108947,93.15992822599462,95.2384343103466,698.6020442512281
2025-03-04 12:43:50.471334,95.2384343103466,98.16706048138433,93.27758836108423,96.16173367119433,278.2666867224843
2025-03-04 12:53:50.471334,96.16173367119433,96.40893514529854,95.03304630799498,95.57070916849389,435.1261138439657
2025-03-04 13:03:50.471334,95.57070916849389,96.16714107705916,92.7822776297315,94.68522569175613,594.095788168311
2025-03-04 13:13:50.471334,94.68522569175613,96.61806147186545,91.69868363766982,93.99701232443435,533.160472490384
2025-03-04 13:23:50.471334,93.99701232443435,94.28078665125115,92.77779195206894,93.03850130586473,365.29201437701664
2025-03-04 13:33:50.471334,93.03850130586473,94.342698300129,91.14702951158256,93.8808055640643,977.1003041225501
2025-03-04 13:43:50.471334,93.8808055640643,95.17527592284317,93.06714464733679,94.59578046298574,404.81679992411966
2025-03-04 13:53:50.471334,94.59578046298574,96.36004574027959,92.0056102735121,94.39077849681682,474.83995377399077
2025-03-04 14:03:50.471334,94.39077849681682,95.18621583963048,93.50617184270244,94.84478613432366,709.1391545493719
2025-03-04 14:13:50.471334,94.84478613432366,97.45987554656554,94.54259559646515,96.59262315934497,884.2987993179145
2025-03-04 14:23:50.471334,96.59262315934497,97.60193408750679,96.45753706235912,96.6371154434467,725.32748633743
2025-03-04 14:33:50.471334,96.6371154434467,96.96039686752745,94.37459631865454,95.09744211816555,787.3720056209196
2025-03-04 14:43:50.471334,95.09744211816555,96.92653121812307,94.8010483982895,95.00821113011214,484.7395192137299
2025-03-04 14:53:50.471334,95.00821113011214,96.30566917845078,93.48292688653251,95.23649232965847,682.4833287977287
2025-03-04 15:03:50.471334,95.23649232965847,95.78348944650386,93.61761741282304,94.16226569858526,904.8093339134613
2025-03-04 15:13:50.471334,94.16226569858526,94.95759408591411,93.39945538729391,94.31419839271089,173.10307087399647
2025-03-04 15:23:50.471334,94.31419839271089,96.06766476338166,93.40588752802994,94.60728769043511,963.9430888172885
2025-03-04 15:33:50.471334,94.60728769043511,96.65595168452505,93.02798062870673,96.5657390056511,169.78720246406456
2025-03-04 15:43:50.471334,96.5657390056511,97.65634976278855,95.20587216029392,95.96188768928816,786.024534844167
2025-03-04 15:53:50.471334,95.96188768928816,98.14551015579379,94.58619469307179,97.30944513430612,328.93842323512604
2025-03-04 16:03:50.471334,97.30944513430612,98.31076077806908,95.06783230298217,96.13805647197846,809.6115272241642
2025-03-04 16:13:50.471334,96.13805647197846,96.89740473200366,94.56588476423832,95.23078692151162,598.3565364492617
2025-03-04 16:23:50.471334,95.23078692151162,97.32907075407299,94.59355966217095,96.15136963897164,379.26051534786086
2025-03-04 16:33:50.471334,96.15136963897164,99.1380379639976,95.7678890499534,96.26393038673483,189.033361930995
2025-03-04 16:43:50.471334,96.26393038673483,96.84763619379163,94.46795403366687,95.55537005572806,428.85894569039635
2025-03-04 16:53:50.471334,95.55537005572806,98.11140138363427,94.19856593298506,95.43034038578878,574.5034241873857
2025-03-04 17:03:50.471334,95.43034038578878,98.21556093272233,95.41410456269442,95.92641107891343,350.2910916934198
2025-03-04 17:13:50.471334,95.92641107891343,97.29425342542129,95.4991956875648,96.21597585009928,706.1877965965111
2025-03-04 17:23:50.471334,96.21597585009928,96.41481768088356,93.2897254669594,94.71226606904851,520.8141144546076
2025-03-04 17:33:50.471334,94.71226606904851,97.32009661038208,93.65869855272327,94.0298682604729,989.3832821193452
2025-03-04 17:43:50.471334,94.0298682604729,95.70512317336043,91.95122750946378,93.7628804143495,668.6759275883255
2025-03-04 17:53:50.471334,93.7628804143495,94.50000378598867,93.62879865738932,94.47494448602126,180.25858680642006
2025-03-04 18:03:50.471334,94.47494448602126,94.74112938487312,93.88991198480794,94.4105632248141,935.9078305091024
2025-03-04 18:13:50.471334,94.4105632248141,96.51073669367777,93.82644131945833,95.62718629298251,114.02961153311003
2025-03-04 18:23:50.471334,95.62718629298251,97.08929042115435,94.46690466262872,95.7075760343804,826.2651440904098
2025-03-04 18:33:50.471334,95.7075760343804,96.48257768545506,92.9441524386171,95.33017636909071,410.60824601064354
2025-03-04 18:43:50.471334,95.33017636909071,97.57246116409229,92.43343714319784,94.38770154687224,654.258148229631
2025-03-04 18:53:50.471334,94.38770154687224,96.79716180562079,94.04087837540038,96.22135172736938,750.8303709132837
2025-03-04 19:03:50.471334,96.22135172736938,99.03478617364874,95.60074963081921,98.48361093487857,267.1737142728807
2025-03-04 19:13:50.471334,98.48361093487857,100.44372834359748,95.927347635579,97.2643689612667,448.5258249957424
2025-03-04 19:23:50.471334,97.2643689612667,98.7344460158502,94.91402964053302,98.27059146530392,415.6201026924357
2025-03-04 19:33:50.471334,98.27059146530392,99.51683024647794,97.99757217439428,99.0409800295012,676.1723601029526
2025-03-04 19:43:50.471334,99.0409800295012,100.87406832338317,98.93927025719738,100.75707828348799,588.14209423836
2025-03-04 19:53:50.471334,100.75707828348799,101.8210422132106,99.66896269090988,101.53252627042384,405.7749724381311
2025-03-04 20:03:50.471334,101.53252627042384,102.42419206526729,99.17083162780513,99.27144852668508,939.9861674543415
2025-03-04 20:13:50.471334,99.27144852668508,101.55032615470168,98.49728472670857,99.07445332720347,956.0804386708339
2025-03-04 20:23:50.471334,99.07445332720347,101.82813311208352,97.07451516383713,100.58082954017716,540.1216068983039
2025-03-04 20:33:50.471334,100.58082954017716,101.25526165694124,99.98338533111786,100.73208618394459,324.19928779607426
2025-03-04 20:43:50.471334,100.73208618394459,102.75921910245802,99.59421538584375,99.62826687800023,498.4028590788275
2025-03-04 20:53:50.471334,99.62826687800023,101.9700610391714,99.6108640558675,101.79633271227377,838.3547270419972
2025-03-04 21:03:50.471334,101.79633271227377,103.06096673963162,100.28609105679502,101.44801467698528,306.3707833777402
2025-03-04 21:13:50.471334,101.44801467698528,103.56378797325505,100.16489277816365,102.6407553116216,756.265170475027
2025-03-04 21:23:50.471334,102.6407553116216,104.28034732254793,100.97450440148067,101.28983908890267,444.84438440404523
2025-03-04 21:33:50.471334,101.28983908890267,101.87196238793489,99.9269886376063,101.45742165089868,414.1595136947129
2025-03-04 21:43:50.471334,101.45742165089868,103.65367779087345,99.27866678215513,100.2610616814991,374.3003262449849
2025-03-04 21:53:50.471334,100.2610616814991,103.1967631132602,98.6631391841656,100.97331360612854,361.2932375037729
2025-03-04 22:03:50.471334,100.97331360612854,103.0881168451699,97.9758275340912,101.35164427446094,420.4882146065797
2025-03-04 22:13:50.471334,101.35164427446094,102.70113603284886,98.69822189755153,102.44761469383272,281.2797292311931
2025-03-04 22:23:50.471334,102.44761469383272,104.77539574900722,99.92887357747748,102.04983061838232,275.2010173603062
2025-03-04 22:33:50.471334,102.04983061838232,103.63184288772129,100.57148887134093,101.16252107566402,960.1157868530638
2025-03-04 22:43:50.471334,101.16252107566402,102.13039134907524,98.84483847222235,100.3538905278972,515.9187835423573
2025-03-04 22:53:50.471334,100.3538905278972,103.0113440526091,97.97821321331341,101.52916422542715,218.95880598528527
2025-03-04 23:03:50.471334,101.52916422542715,103.13384063042011,100.47225616852408,102.541423323364,362.72610436515197
2025-03-04 23:13:50.471334,102.541423323364,103.94293109725204,100.7450127306314,102.66775581732946,795.8529805239522
2025-03-04 23:23:50.471334,102.66775581732946,103.12861963549202,102.24512253985674,103.11557011385482,482.22165476510435
2025-03-04 23:33:50.471334,103.11557011385482,104.68850914297398,101.72535727831229,103.34603181462086,906.6757280382523
2025-03-04 23:43:50.471334,103.34603181462086,103.42353348253079,100.61527658671663,101.1389117714811,169.07834583161426
2025-03-04 23:53:50.471334,101.1389117714811,102.31664144787378,99.86119853442663,101.9196219100395,920.3279925638196
2025-03-05 00:03:50.471334,101.9196219100395,103.44343637229227,100.80264001329567,101.9015836082683,497.28321379914945
2025-03-05 00:13:50.471334,101.9015836082683,101.93303485991453,101.50001369391016,101.66996426799881,547.2725032058511
2025-03-05 00:23:50.471334,101.66996426799881,102.31427763523844,101.02298392914632,102.18484372977117,793.1911059469933
